<application>
  <component name="NotificationConfiguration" showBalloons="false" systemNotifications="false">
    <notification groupId="Automatic indent detection" displayType="STICKY_BALLOON" shouldLog="false" />
    <notification groupId="Branch Context group" shouldLog="false" />
    <notification groupId="Code style settings migration" displayType="STICKY_BALLOON" shouldLog="false" />
    <notification groupId="Collect Zipped Logs" shouldLog="false" />
    <notification groupId="Docker: Dockerfile detection" shouldLog="false" />
    <notification groupId="IDE and Plugin Updates" displayType="STICKY_BALLOON" shouldLog="false" />
    <notification groupId="JBA Cloud Config" displayType="STICKY_BALLOON" shouldLog="false" />
    <notification groupId="Laravel Plugin" shouldLog="false" />
    <notification groupId="PHP Interpreters" shouldLog="false" />
    <notification groupId="Plugins Suggestion" displayType="STICKY_BALLOON" shouldLog="false" />
    <notification groupId="Power Save Mode" shouldLog="false" />
    <notification groupId="Project Startup Tasks Messages" displayType="NONE" shouldLog="false" />
    <notification groupId="Required Plugins" shouldLog="false" />
    <notification groupId="scrolling-capabilities-debug" displayType="NONE" shouldLog="false" />
    <notification groupId="System Health" displayType="STICKY_BALLOON" shouldLog="false" />
  </component>
</application>